project_id,workflow_file,language,parse_error,total_violations,weighted_severity,compliance_score,categories_violated
smallrye/smallrye-health,gha_build.yml,Java,,3,11,0.7179,"Reliability, Security, Versioning"
hibernate/hibernate-orm,gha_ci-report.yml,Java,,5,18,0.5385,"Efficiency, Reliability, Security, Versioning"
rusty1s/pytorch_cluster,gha_building-conda.yml,C++,,3,13,0.6667,"Reliability, Security"
AnyDSL/MimIR,gha_doxygen.yml,C++,,4,14,0.641,"Efficiency, Reliability, Security, Versioning"
yandex/pgmigrate,gha_test.yml,Python,,4,16,0.5897,"Efficiency, Reliability, Security"
mazhar-ansari-ardeh/BenchmarkFcns,gha_build.yaml,C++,,2,6,0.8462,"Reliability, Versioning"
jdeath/rd200v2,gha_hassfest.yaml,Python,,4,16,0.5897,"Reliability, Security, Versioning"
sogno-platform/cimpy,gha_codeql.yml,Python,,2,6,0.8462,"Reliability, Versioning"
emcrisostomo/fswatch,gha_c-cpp.yml,C++,,3,11,0.7179,"Efficiency, Reliability, Security"
LegacyModdingMC/UniMixins,gha_gradle.yml,Java,,4,14,0.641,"Efficiency, Reliability, Security, Versioning"
EventStore/EventStoreDB-Client-Java,gha_docker-repo.yml,Java,,3,11,0.7179,"Reliability, Security, Versioning"
redhat-performance/badfish,gha_codecov.yml,Python,,5,19,0.5128,"Efficiency, Reliability, Security, Versioning"
marcospereirampj/python-keycloak,gha_bump.yaml,Python,,3,12,0.6923,"Reliability, Security"
Erudika/scoold,gha_codeql.yml,Java,,2,6,0.8462,"Reliability, Versioning"
andreikop/python-ws-discovery,gha_pythonpackage.yml,Python,,4,14,0.641,"Efficiency, Reliability, Security, Versioning"
HealthByRo/drf_tweaks,gha_codeql-analysis.yml,Python,,3,11,0.7179,"Reliability, Security, Versioning"
supplyseer-ai/supplyseer,gha_docs.yml,Python,,3,9,0.7692,"Efficiency, Reliability, Versioning"
BEASTSM96/Saturn-Engine,gha_Windows.yml,C++,,3,11,0.7179,"Reliability, Security, Versioning"
cvut/qtrvsim,gha_debug.yml,C++,,4,14,0.641,"Efficiency, Maintainability, Reliability, Security"
jenkinsci/chucknorris-plugin,gha_jenkins-security-scan.yml,Java,,1,3,0.9231,Reliability
facebookresearch/Kats,gha_build_and_test.yml,Python,,4,14,0.641,"Efficiency, Reliability, Security, Versioning"
DessimozLab/FastOMA,gha_docker-image.yml,Python,,3,11,0.7179,"Reliability, Security, Versioning"
rnovacek/homeassistant_cz_energy_spot_prices,gha_hacs.yaml,Python,,4,16,0.5897,"Reliability, Security, Versioning"
aws/aws-sam-build-images,gha_build.yml,Python,,3,11,0.7179,"Reliability, Security, Versioning"
dbos-inc/dbos-transact-py,gha_publish.yml,Python,,2,6,0.8462,"Reliability, Versioning"
mapping-commons/sssom-py,gha_deploy-docs.yml,Python,,4,16,0.5897,"Reliability, Security, Versioning"
custom-components/sensor.avanza_stock,gha_cron.yaml,Python,,4,16,0.5897,"Reliability, Security, Versioning"
arduino/arduino-preprocessor,gha_sync-labels.yml,C++,,4,14,0.641,"Efficiency, Reliability, Security, Versioning"
aogier/starlette-authlib,gha_codeql.yml,Python,,2,6,0.8462,"Reliability, Versioning"
faucetsdn/udmi,gha_testing.yml,Java,,2,8,0.7949,"Maintainability, Security"
GeoStat-Framework/GSTools,gha_main.yml,Python,,5,17,0.5641,"Efficiency, Maintainability, Reliability, Security, Versioning"
managarm/xbstrap,gha_black.yml,Python,,4,14,0.641,"Efficiency, Reliability, Security, Versioning"
KhronosGroup/Vulkan-Headers,gha_ci.yml,C++,,3,9,0.7692,"Maintainability, Reliability, Versioning"
Pipoline/rocket-python,gha_codeql-analysis.yml,Python,,2,6,0.8462,"Reliability, Versioning"
alexlaverty/python-reddit-youtube-bot,gha_pr.yml,Python,,3,11,0.7179,"Reliability, Security, Versioning"
AMReX-Combustion/PelePhysics,gha_ci.yml,C++,,4,14,0.641,"Efficiency, Maintainability, Reliability, Security"
contrailcirrus/pycontrails,gha_docs.yaml,Python,,2,6,0.8462,"Reliability, Versioning"
alltheplaces/alltheplaces,gha_docker-publish.yml,Python,,3,11,0.7179,"Reliability, Security, Versioning"
ami-iit/matio-cpp,gha_assign-issue.yml,C++,,3,11,0.7179,"Reliability, Security, Versioning"
loco-3d/whole_body_state_rviz_plugin,gha_industrial_ci_action.yml,C++,,5,19,0.5128,"Efficiency, Reliability, Security, Versioning"
pranjal-joshi/Screeni-py,gha_workflow-build-matrix.yml,Python,,4,14,0.641,"Efficiency, Reliability, Security, Versioning"
lagmoellertim/unsilence,gha_codeql-analysis.yml,Python,,3,11,0.7179,"Reliability, Security, Versioning"
tcalmant/ipopo,gha_ci-build.yml,Python,,4,14,0.641,"Efficiency, Reliability, Security, Versioning"
sekai-soft/rss-lambda,gha_test-build-deploy.yml,Python,,6,22,0.4359,"Efficiency, Maintainability, Reliability, Security, Versioning"
rustyrussell/lnprototest,gha_build.yml,Python,,4,14,0.641,"Efficiency, Reliability, Security, Versioning"
roclark/sportsipy,gha_exhaustive.yml,Python,,3,11,0.7179,"Efficiency, Reliability, Security"
cds-astro/mocpy,gha_codemeta-validator.yml,Python,,3,11,0.7179,"Reliability, Security, Versioning"
pavan-kumar-99/medium-manifests,gha_auto-delete-deploy-key.yml,Python,,4,14,0.641,"Efficiency, Reliability, Security, Versioning"
haidaraM/ansible-playbook-grapher,gha_lint.yml,Python,,2,6,0.8462,"Reliability, Versioning"
django-haystack/pysolr,gha_codeql-analysis.yml,Python,,3,11,0.7179,"Reliability, Security, Versioning"
moiexpositoalonsolab/grenepipe,gha_ci.yaml,Python,,2,8,0.7949,"Reliability, Security"
NEUBIAS/training-resources,gha_template.yml,Python,,3,13,0.6667,"Reliability, Security"
ModbusScope/ModbusScope,gha_ccpp.yml,C++,,3,11,0.7179,"Reliability, Security, Versioning"
ami-iit/jaxsim,gha_ci_cd.yml,Python,,4,12,0.6923,"Efficiency, Maintainability, Reliability, Versioning"
fablabnbg/inkscape-silhouette,gha_release.yml,Python,,3,11,0.7179,"Efficiency, Reliability, Security"
melkypie/resource-packs,gha_check-pack.yml,Java,,3,11,0.7179,"Reliability, Security, Versioning"
CEXT-Dan/PyRx,gha_publish.yml,Python,,3,9,0.7692,"Efficiency, Reliability, Versioning"
yanglbme/gitee-pages-action,gha_compress.yml,Python,,4,16,0.5897,"Reliability, Security, Versioning"
physiopy/phys2bids,gha_auto-author-assign.yml,Python,,2,6,0.8462,"Reliability, Versioning"
Benchling-Open-Source/allotropy,gha_codeql.yml,Python,,2,6,0.8462,"Reliability, Versioning"
openid/OpenID4VP,gha_Build-OID4VP.yml,Python,,2,6,0.8462,"Reliability, Versioning"
apache/flink-kubernetes-operator,gha_ci.yml,Java,,3,11,0.7179,"Reliability, Security, Versioning"
geopython/pygeofilter,gha_main.yml,Python,,2,8,0.7949,"Reliability, Security"
CDCgov/prime-simplereport,gha_checkForChanges.yml,Java,,3,11,0.7179,"Reliability, Security, Versioning"
structr/structr,gha_codeql.yml,Java,,2,6,0.8462,"Reliability, Versioning"
airlift/aircompressor,gha_main.yml,Java,,3,11,0.7179,"Reliability, Security, Versioning"
plasma-umass/ChatDBG,gha_release.yml,C++,,3,9,0.7692,"Efficiency, Reliability, Versioning"
malinkang/duolingo2notion,gha_duolingo.yml,Python,,5,19,0.5128,"Efficiency, Reliability, Security, Versioning"
BayernMuller/vibra,gha_build-ci.yaml,C++,,3,11,0.7179,"Efficiency, Reliability, Security"
awslabs/seed-farmer,gha_check-documentation-build.yml,Python,,4,14,0.641,"Efficiency, Reliability, Security, Versioning"
Digital-Naturalism-Laboratories/Mothbox,gha_pages.yml,Python,,2,6,0.8462,"Reliability, Versioning"
pysal/spreg,gha_build_docs.yml,Python,,3,13,0.6667,"Efficiency, Security"
retostauffer/python-colorspace,gha_coverage.yml,Python,,4,14,0.641,"Efficiency, Reliability, Security, Versioning"
earthlab/earthpy,gha_code-cov.yml,Python,,4,16,0.5897,"Efficiency, Reliability, Security"
androguard/androguard,gha_build_documentation.yml,Python,,4,14,0.641,"Efficiency, Reliability, Security, Versioning"
hantsy/spring6-sandbox,gha_async.yml,Java,,3,11,0.7179,"Reliability, Security, Versioning"
zasdfgbnm/TorchSnooper,gha_deploy-pypi.yml,Python,,5,19,0.5128,"Efficiency, Reliability, Security, Versioning"
carson-katri/dream-textures,gha_package-release.yml,Python,,3,13,0.6667,"Reliability, Security"
WATonomous/wato_monorepo,gha_build_and_unitest.yml,C++,,3,11,0.7179,"Reliability, Security, Versioning"
exislow/tidal-dl-ng,gha_master.yml,Python,,2,8,0.7949,"Reliability, Security"
microsoft/PythonProgrammingPuzzles,gha_codeql-analysis.yml,Python,,2,6,0.8462,"Reliability, Versioning"
ch4mpy/spring-addons,gha_ci.yml,Java,,3,11,0.7179,"Reliability, Security, Versioning"
NVIDIA/cuCollections,gha_build-and-test.yml,C++,,2,8,0.7949,"Reliability, Security"
DataTalksClub/course-management-platform,gha_deploy-dev.yaml,Python,,4,14,0.641,"Efficiency, Reliability, Security, Versioning"
AuthMe/AuthMeReloaded,gha_maven.yml,Java,,3,11,0.7179,"Reliability, Security, Versioning"
mhammond/pywin32,gha_docs.yml,C++,,4,14,0.641,"Efficiency, Reliability, Security, Versioning"
leethomason/tinyxml2,gha_test.yml,C++,,4,16,0.5897,"Maintainability, Reliability, Security"
googleapis/java-storage-nio,gha_approve-readme.yaml,Java,,3,11,0.7179,"Reliability, Security, Versioning"
piercefreeman/mountaineer,gha_test.yml,Python,,3,9,0.7692,"Maintainability, Reliability, Versioning"
wimdeblauwe/ttcli,gha_build.yml,Java,,3,11,0.7179,"Reliability, Security, Versioning"
nefarius/vicius,gha_support.yml,C++,,2,6,0.8462,"Reliability, Versioning"
vmiklos/ged2dot,gha_tests.yml,Python,,2,8,0.7949,"Reliability, Security"
ssenart/home-assistant-gazpar,gha_hacs-action.yml,Python,,4,16,0.5897,"Reliability, Security, Versioning"
ledger/ledger,gha_cmake.yml,C++,,2,8,0.7949,"Reliability, Security"
jorgepiloto/lamberthub,gha_ci_cd.yml,Python,,2,6,0.8462,"Reliability, Versioning"
looker-open-source/looker_deployer,gha_lint-pr.yml,Python,,3,11,0.7179,"Reliability, Security, Versioning"
Dockershelf/dockershelf,gha_clean-develop.yml,Python,,2,8,0.7949,"Reliability, Security"
kedixa/coke,gha_benchmark.yml,C++,,1,3,0.9231,Reliability
cocos/cocos-engine,gha_automation_labels.yml,C++,,5,21,0.4615,"Reliability, Security, Versioning"
ai-forever/gigachat,gha_gigachat.yml,Python,,3,11,0.7179,"Reliability, Security, Versioning"
NVlabs/sionna,gha_codeql-analysis.yml,Python,,2,6,0.8462,"Reliability, Versioning"
FlashyReese/reeses-sodium-options,gha_gradle.yml,Java,,2,8,0.7949,"Reliability, Security"
LiangliangNan/PolyFit,gha_cmake-build.yml,C++,,3,11,0.7179,"Efficiency, Reliability, Security"
dernasherbrezon/jradio,gha_build.yml,Java,,3,11,0.7179,"Efficiency, Reliability, Security"
pybamm-team/liionpack,gha_periodic_benchmarks.yml,Python,,4,14,0.641,"Efficiency, Reliability, Security, Versioning"
rsocket/rsocket-py,gha_codeql-analysis.yml,Python,,2,6,0.8462,"Reliability, Versioning"
FrancoisCarouge/Kalman,gha_citation.yml,C++,,2,8,0.7949,"Reliability, Security"
X-LANCE/SLAM-LLM,gha_spellcheck.yml,Python,,3,11,0.7179,"Efficiency, Reliability, Security"
keengo99/kangle,gha_kangle.yml,C++,,3,11,0.7179,"Reliability, Security, Versioning"
UNIkeEN/Little-UNIkeEN-Bot,gha_codeql.yml,Python,,1,3,0.9231,Versioning
Azure/counterfit,gha_testcoverage.yaml,Python,,4,14,0.641,"Efficiency, Reliability, Security, Versioning"
MassimoCimmino/pygfunction,gha_release.yml,Python,,4,14,0.641,"Efficiency, Reliability, Security, Versioning"
slack-samples/bolt-python-starter-template,gha_black.yml,Python,,3,11,0.7179,"Efficiency, Security, Versioning"
inducer/pycparserext,gha_autopush.yml,Python,,3,11,0.7179,"Reliability, Security, Versioning"
digitalocean/pydo,gha_python-client-gen.yml,Python,,4,15,0.6154,"Reliability, Security, Versioning"
DarkflameUniverse/DarkflameServer,gha_build-and-push-docker.yml,C++,,2,6,0.8462,"Reliability, Versioning"
kyutai-labs/moshi,gha_precommit.yml,Python,,3,11,0.7179,"Reliability, Security, Versioning"
dask/dask-expr,gha_conda.yml,Python,,3,11,0.7179,"Reliability, Security, Versioning"
HermesGermany/galapagos,gha_dockerhub.yml,Java,,3,11,0.7179,"Reliability, Security, Versioning"
ClashKingInc/ClashKingBot,gha_main.yml,Python,,4,16,0.5897,"Reliability, Security, Versioning"
JodaOrg/joda-convert,gha_build.yml,Java,,2,6,0.8462,"Reliability, Versioning"
ConsensusJ/consensusj,gha_graalvm.yml,Java,,2,8,0.7949,"Reliability, Security"
afpineda/OpenSourceSimWheelESP32,gha_APIdoc.yaml,C++,,2,6,0.8462,"Reliability, Versioning"
useshortcut/api-cookbook,gha_lint-epic-comments.yaml,Python,,2,6,0.8462,"Reliability, Versioning"
apache/openwebbeans,gha_ci.yml,Java,,2,6,0.8462,"Reliability, Versioning"
gscept/nebula,gha_main.yml,C++,,6,21,0.4615,"Efficiency, Maintainability, Reliability, Security, Versioning"
CenterForOpenScience/osf.io,gha_test-build.yml,Python,,2,6,0.8462,"Maintainability, Reliability"
abashev/vfs-s3,gha_build.yml,Java,,2,6,0.8462,"Reliability, Versioning"
devitocodes/devito,gha_asv.yml,Python,,4,16,0.5897,"Efficiency, Reliability, Security"
bcgov/aries-vcr,gha_build_release.yaml,Python,,3,9,0.7692,"Maintainability, Reliability, Versioning"
curzon01/mqtt2sql,gha_stale.yml,Python,,3,11,0.7179,"Reliability, Security, Versioning"
unicode-org/cldr,gha_ansible-lint.yml,Java,,3,11,0.7179,"Reliability, Security, Versioning"
wolph/mt940,gha_main.yml,Python,,2,8,0.7949,"Security, Versioning"
eclipse-jifa/jifa,gha_commit-check.yml,Java,,3,11,0.7179,"Reliability, Security, Versioning"
f-lawe/plugin.video.orange.fr,gha_ci.yml,Python,,4,14,0.641,"Efficiency, Reliability, Security, Versioning"
GRIS-UdeM/SpatGRIS,gha_SpatGris-builds.yml,C++,,4,14,0.641,"Efficiency, Reliability, Security, Versioning"
green-api/whatsapp-chatbot-python,gha_python-package.yml,Python,,3,11,0.7179,"Efficiency, Reliability, Security"
microsoft/machnet,gha_build.yml,C++,,2,6,0.8462,"Reliability, Versioning"
v12technology/fluxtion,gha_codeql.yml,Java,,1,3,0.9231,Versioning
Clarifai/clarifai-python-grpc,gha_codeql-analysis.yml,Python,,2,6,0.8462,"Reliability, Versioning"
NelsonDane/auto-rsa,gha_docker-build-push.yml,Python,,2,8,0.7949,"Reliability, Security"
biothings/myvariant.info,gha_local_web_tests.yml,Python,,4,14,0.641,"Efficiency, Reliability, Security, Versioning"
JdeRobot/DetectionMetrics,gha_build-sphinx-docs.yml,Python,,4,14,0.641,"Efficiency, Reliability, Security, Versioning"
ElPsyKongroo1/Kargono,gha_doxygen-gh-pages.yml,C++,,3,11,0.7179,"Reliability, Security, Versioning"
Skarsnik/QUsb2snes,gha_buildlinux.yml,C++,,5,17,0.5641,"Efficiency, Maintainability, Reliability, Security, Versioning"
bonfy/github-trending,gha_schedule.yml,Python,,4,14,0.641,"Efficiency, Reliability, Security, Versioning"
openatx/adbutils,gha_main.yml,Python,,3,11,0.7179,"Efficiency, Reliability, Security"
avendesora/pythonbible,gha_codeql-analysis.yml,Python,,3,11,0.7179,"Reliability, Security, Versioning"
uio-bmi/immuneML,gha_docker-publish.yml,Python,,3,11,0.7179,"Reliability, Security, Versioning"
elastic/security-docs,gha_co-docs-builder.yml,Python,,2,8,0.7949,"Reliability, Security"
JetBrains/jediterm,gha_test.yml,Java,,2,8,0.7949,"Reliability, Security"
monosans/proxy-scraper-checker,gha_ci.yml,Python,,1,3,0.9231,Reliability
eclipse-openbsw/openbsw,gha_build.yml,C++,,3,11,0.7179,"Reliability, Security, Versioning"
vasp-dev/py4vasp,gha_install.yml,Python,,3,11,0.7179,"Efficiency, Reliability, Security"
jenkinsci/slack-plugin,gha_jenkins-security-scan.yml,Java,,1,3,0.9231,Reliability
feincms/feincms3,gha_tests.yml,Python,,3,11,0.7179,"Reliability, Security, Versioning"
apache/datasketches-java,gha_auto-jdk-matrix.yml,Java,,3,11,0.7179,"Reliability, Security, Versioning"
nest/nestml,gha_continuous_benchmarking_master_branch.yml,Python,,6,24,0.3846,"Efficiency, Reliability, Security, Versioning"
archimatetool/archi,gha_build.yml,Java,,3,11,0.7179,"Reliability, Security, Versioning"
LowinLi/stable-diffusion-streamlit,gha_build-image.yml,Python,,3,13,0.6667,"Reliability, Security"
everettsouthwick/trusted-traveler-scheduler,gha_docker-develop-publish.yml,Python,,3,11,0.7179,"Reliability, Security, Versioning"
asuc-octo/berkeleytime,gha_cd-dev.yaml,Python,,4,16,0.5897,"Reliability, Security, Versioning"
doronz88/rpc-project,gha_pull-request.yml,Python,,5,17,0.5641,"Efficiency, Maintainability, Reliability, Security, Versioning"
bowtie-json-schema/bowtie,gha_benchmark.yml,Python,,4,12,0.6923,"Efficiency, Maintainability, Reliability, Versioning"
apache/seatunnel-web,gha_backend.yml,Java,,3,11,0.7179,"Maintainability, Security, Versioning"
dynatrace-oss/api-client-python,gha_publish.yml,Python,,5,19,0.5128,"Efficiency, Reliability, Security, Versioning"
quarkiverse/quarkus-resteasy-problem,gha_deploy-snapshots.yml,Java,,3,11,0.7179,"Reliability, Security, Versioning"
FREVA-CLINT/climatereconstructionAI,gha_inactive-issues.yml,Python,,2,6,0.8462,"Reliability, Versioning"
deeptools/deepTools,gha_planemo.yml,Python,,4,14,0.641,"Efficiency, Reliability, Security, Versioning"
igorbenav/fastcrud,gha_linting.yml,Python,,4,14,0.641,"Efficiency, Reliability, Security, Versioning"
noneplugin/nonebot-plugin-chatrecorder,gha_codecov.yml,Python,,3,11,0.7179,"Reliability, Security, Versioning"
hamidfzm/Flask-HTMLmin,gha_codeql-analysis.yml,Python,,1,3,0.9231,Reliability
Lightning-AI/utilities,gha_check-docs.yml,Python,,2,8,0.7949,"Reliability, Security"
yixuan/spectra,gha_basic.yml,C++,,2,8,0.7949,"Reliability, Security"
ape364/aioetherscan,gha_main.yml,Python,,5,19,0.5128,"Efficiency, Reliability, Security, Versioning"
cBioPortal/cbioportal,gha_auto-label.yml,Java,,3,11,0.7179,"Reliability, Security, Versioning"
lfreist/hwinfo,gha_build-linux-clang.yml,C++,,3,11,0.7179,"Reliability, Security, Versioning"
SyneRBI/SIRF,gha_build-test.yml,C++,,4,16,0.5897,"Reliability, Security, Versioning"
rstudio/vetiver-python,gha_docs.yml,Python,,4,14,0.641,"Efficiency, Reliability, Security, Versioning"
michaeldavie/env_canada,gha_codeql-analysis.yml,Python,,2,6,0.8462,"Reliability, Versioning"
vert-x3/vertx-service-proxy,gha_ci-4.x.yml,Java,,2,8,0.7949,"Reliability, Security"
cisco-open/flame,gha_presubmits.yml,Python,,2,6,0.8462,"Reliability, Versioning"
hengband/hengband,gha_build-test-with-msvc.yml,C++,,2,8,0.7949,"Reliability, Security"
ngine-io/cs,gha_acceptance.yml,Python,,3,9,0.7692,"Efficiency, Reliability, Versioning"
naturerobots/mesh_navigation,gha_humble.yaml,C++,,2,8,0.7949,"Reliability, Security"
django-oscar/django-oscar,gha_codeql-analysis.yml,Python,,2,6,0.8462,"Reliability, Versioning"
opengoofy/hippo4j,gha_ci.yml,Java,,3,11,0.7179,"Reliability, Security, Versioning"
jitsi/jigasi,gha_maven.yml,Java,,3,11,0.7179,"Reliability, Security, Versioning"
awesome-spectral-indices/awesome-spectral-indices,gha_tests.yml,Python,,4,14,0.641,"Efficiency, Reliability, Security, Versioning"
llvm/Polygeist,gha_build.yml,C++,,2,8,0.7949,"Efficiency, Security"
adobe/asset-share-commons,gha_maven-release.yml,Java,,4,14,0.641,"Maintainability, Reliability, Security, Versioning"
PoseLib/PoseLib,gha_main.yml,C++,,4,14,0.641,"Efficiency, Reliability, Security, Versioning"
deniskovalchuk/libftp,gha_linux.yml,C++,,4,14,0.641,"Efficiency, Reliability, Security, Versioning"
IntelLabs/scenario_execution,gha_cleanup_cache.yml,Python,,1,3,0.9231,Reliability
MarcoGorelli/cython-lint,gha_latest_cython.yml,Python,,3,11,0.7179,"Efficiency, Reliability, Security"
python-cachier/cachier,gha_ci-test.yml,Python,,5,18,0.5385,"Efficiency, Reliability, Security, Versioning"
w1th4d/JarPlant,gha_ci.yml,Java,,3,11,0.7179,"Reliability, Security, Versioning"
BradyAJohnston/MolecularNodes,gha_build.yml,Python,,2,8,0.7949,"Reliability, Security"
Materials-Consortia/optimade-python-tools,gha_cd_container_image.yml,Python,,4,16,0.5897,"Reliability, Security, Versioning"
scs/smartmeter-datacollector,gha_build-deb.yml,Python,,1,3,0.9231,Reliability
threeML/threeML,gha_build_and_test.yml,Python,,5,17,0.5641,"Efficiency, Maintainability, Reliability, Security, Versioning"
nefarius/nefcon,gha_msbuild.yml,C++,,2,6,0.8462,"Reliability, Versioning"
michel-kraemer/gradle-download-task,gha_gradle.yml,Java,,3,11,0.7179,"Reliability, Security, Versioning"
dimagi/commcare-hq,gha_codeql-analysis.yml,Python,,3,11,0.7179,"Reliability, Security, Versioning"
SpaRcle-Studio/SREngine,gha_AndroidCI.yml,C++,,3,11,0.7179,"Reliability, Security, Versioning"
eteran/nedit-ng,gha_build.yaml,C++,,2,8,0.7949,"Reliability, Security"
iyzico/iyzipay-java,gha_github_master.yml,Java,,4,16,0.5897,"Reliability, Security, Versioning"
stoneatom/stonedb,gha_nightly.yml,C++,,3,13,0.6667,"Reliability, Security"
Ziwei-Niu/Generalized_MedIA,gha_main.yml,Python,,3,11,0.7179,"Reliability, Security, Versioning"
simlar/simlar-android,gha_simlar-android-ci.yml,Java,,2,8,0.7949,"Efficiency, Security"
ytdl-patched/ytdl-patched,gha_build.yml,Python,,7,26,0.3333,"Efficiency, Maintainability, Reliability, Security, Versioning"
asottile/git-code-debt,gha_main.yml,Python,,2,8,0.7949,"Reliability, Security"
autogluon/autogluon,gha_benchmark-command.yml,Python,,4,14,0.641,"Maintainability, Reliability, Security, Versioning"
COSCUP/COSCUP-Volunteer,gha_build_docs.yml,Python,,3,11,0.7179,"Maintainability, Reliability, Security"
diffblue/cbmc,gha_codeql-analysis.yml,C++,,3,9,0.7692,"Efficiency, Reliability, Versioning"
dwreeves/dbt_linreg,gha_docs.yml,Python,,3,11,0.7179,"Reliability, Security, Versioning"
angr/angr-management,gha_ci.yml,Python,,2,8,0.7949,"Reliability, Security"
langchain-ai/langgraph,gha_baseline.yml,Python,,4,14,0.641,"Efficiency, Reliability, Security, Versioning"
gazebosim/gz-sim,gha_ci.yml,C++,,3,11,0.7179,"Reliability, Security, Versioning"
jetlinks/jetlinks-community,gha_maven.yml,Java,,4,16,0.5897,"Reliability, Security, Versioning"
jupyter-server/jupyter_releaser,gha_check-release.yml,Python,,4,14,0.641,"Efficiency, Reliability, Security, Versioning"
cerfacs-globc/icclim,gha_ci.yml,Python,,6,22,0.4359,"Efficiency, Maintainability, Reliability, Security, Versioning"
YaLTeR/SourcePauseTool,gha_CI.yml,C++,,2,8,0.7949,"Reliability, Security"
jenkinsci/envinject-plugin,gha_cd.yml,Java,,2,8,0.7949,"Reliability, Security"
KhronosGroup/Vulkan-ValidationLayers,gha_sdk_android_build.yml,C++,,2,6,0.8462,"Maintainability, Reliability"
loliGothicK/mitama-cpp-result,gha_auto-release.yml,C++,,3,11,0.7179,"Reliability, Security, Versioning"
felddy/weewx-docker,gha_build.yml,Python,,3,11,0.7179,"Reliability, Security, Versioning"
papis/papis-zotero,gha_main.yml,Python,,2,8,0.7949,"Reliability, Security"
Brotcrunsher/BrotBoxEngine,gha_cmake.yml,C++,,4,14,0.641,"Efficiency, Reliability, Security, Versioning"
pyca/pyopenssl,gha_ci.yml,Python,,5,17,0.5641,"Efficiency, Maintainability, Reliability, Security, Versioning"
gmyrianthous/dbt-airflow,gha_deploy.yml,Python,,3,11,0.7179,"Reliability, Security, Versioning"
Redot-Engine/redot-engine,gha_android_builds.yml,C++,,2,9,0.7692,"Reliability, Security"
BU-ISCIII/iskylims,gha_python_lint.yml,Python,,5,19,0.5128,"Efficiency, Reliability, Security, Versioning"
CyclopsMC/EvilCraft,gha_ci.yml,Java,,4,15,0.6154,"Reliability, Security, Versioning"
mooch443/trex,gha_cmake-macos.yml,C++,,2,8,0.7949,"Reliability, Security"
JoonhoLee-Group/ipie,gha_ci.yml,Python,,5,17,0.5641,"Efficiency, Maintainability, Reliability, Security, Versioning"
explodinggradients/ragas,gha_openhands.yml,Python,,1,3,0.9231,Reliability
ERDDAP/erddap,gha_maven.yml,Java,,3,11,0.7179,"Reliability, Security, Versioning"
ToFuProject/tofu,gha_publish-pypi-bdist-linux.yml,Python,,4,14,0.641,"Efficiency, Reliability, Security, Versioning"
rism-digital/verovio,gha_ci_build.yml,C++,,4,14,0.641,"Efficiency, Maintainability, Reliability, Security"
IdentityPython/pyFF,gha_python-package.yml,Python,,4,15,0.6154,"Efficiency, Reliability, Security"
CatimaLoyalty/Android,gha_android.yml,Java,,3,9,0.7692,"Efficiency, Reliability, Versioning"
jertel/elastalert2,gha_close-threads.yml,Python,,2,6,0.8462,"Reliability, Versioning"
nextcloud/news-android,gha_analysis.yml,Java,,2,6,0.8462,"Reliability, Versioning"
transferwise/pipelinewise,gha_connectors.yml,Python,,3,12,0.6923,"Reliability, Security"
Clueless-Community/fintech-api,gha_auto-comment.yml,Python,,3,11,0.7179,"Reliability, Security, Versioning"
google-deepmind/tree,gha_build.yml,Python,,3,11,0.7179,"Efficiency, Reliability, Security"
jcmgray/quimb,gha_pypi-release.yml,Python,,3,9,0.7692,"Efficiency, Reliability, Versioning"
novalagung/dasarpemrogramanpython,gha_cd.yaml,Python,,4,14,0.641,"Efficiency, Reliability, Security, Versioning"
mfschubert/sparsejac,gha_build-ci.yml,Python,,3,11,0.7179,"Reliability, Security, Versioning"
SciTools/iris,gha_benchmarks_report.yml,Python,,3,11,0.7179,"Reliability, Security, Versioning"
agittins/bermuda,gha_labeler.yml,Python,,3,11,0.7179,"Reliability, Security, Versioning"
orocos/orocos_kinematics_dynamics,gha_main.yml,C++,,5,19,0.5128,"Efficiency, Reliability, Security, Versioning"
MichaelRocks/libphonenumber-android,gha_build.yml,Java,,4,14,0.641,"Efficiency, Reliability, Security, Versioning"
JLSteenwyk/PhyKIT,gha_ci.yml,Python,,5,19,0.5128,"Efficiency, Reliability, Security, Versioning"
jenkinsci/testng-plugin-plugin,gha_jenkins-security-scan.yml,Java,,1,3,0.9231,Reliability
TWiStErRob/glide-support,gha_ci.yml,Java,,1,3,0.9231,Reliability
SeldonIO/MLServer,gha_benchmark.yml,Python,,3,11,0.7179,"Reliability, Security, Versioning"
temporalio/documentation,gha_auto-format.yml,Python,,4,14,0.641,"Efficiency, Reliability, Security, Versioning"
mtommila/apfloat,gha_maven.yml,Java,,3,11,0.7179,"Reliability, Security, Versioning"
quarkiverse/quarkus-jooq,gha_build.yml,Java,,2,8,0.7949,"Reliability, Security"
sivaprasadreddy/techbuzz,gha_maven.yml,Java,,3,11,0.7179,"Reliability, Security, Versioning"
ctlearn-project/ctlearn,gha_check_codemeta.yml,Python,,3,11,0.7179,"Reliability, Security, Versioning"
DaruniasJoy/OoT-Custom-Sequences,gha_generate-soh-archive.yml,Python,,4,16,0.5897,"Reliability, Security, Versioning"
dotCMS/core,gha_cicd_1-pr.yml,Java,,1,3,0.9231,Reliability
BIK-BITV/BIK-Web-Test,gha_create-release.yml,Python,,2,8,0.7949,"Security, Versioning"
Luke100000/ImmersiveAircraft,gha_gradle.yml,Java,,4,14,0.641,"Maintainability, Reliability, Security, Versioning"
esmini/esmini,gha_ci.yml,C++,,3,9,0.7692,"Efficiency, Maintainability, Reliability"
awslabs/aws-deployment-framework,gha_adf.yml,Python,,3,11,0.7179,"Reliability, Security, Versioning"
MysterAitch/JavaParser-AST-Inspector,gha_build.yml,Java,,3,11,0.7179,"Reliability, Security, Versioning"
launchql/libpg-query-node,gha_build-dry-run-no-win.yml,C++,,4,14,0.641,"Maintainability, Reliability, Security, Versioning"
kvesteri/sqlalchemy-continuum,gha_main.yml,Python,,4,14,0.641,"Efficiency, Reliability, Security, Versioning"
joshka/junit-json-params,gha_gradle.yml,Java,,4,14,0.641,"Efficiency, Reliability, Security, Versioning"
facebook/proxygen,gha_close_stale.yml,C++,,2,6,0.8462,"Reliability, Versioning"
coldfix/certbot-dns-netcup,gha_publish.yml,Python,,4,12,0.6923,"Efficiency, Maintainability, Reliability, Versioning"
dummylabs/thewatchman,gha_hassfest.yml,Python,,4,16,0.5897,"Reliability, Security, Versioning"
Infleqtion/client-superstaq,gha_automated_publish_release.yml,Python,,2,8,0.7949,"Reliability, Security"
fls-bioinformatics-core/genomics,gha_python-ci.yml,Python,,3,11,0.7179,"Efficiency, Reliability, Security"
deephaven-examples/deephaven-ib,gha_build-and-publish.yml,Python,,4,14,0.641,"Efficiency, Maintainability, Reliability, Security"
paulocoutinhox/pdfium-lib,gha_android.yml,Python,,6,22,0.4359,"Efficiency, Maintainability, Reliability, Security, Versioning"
GPTStonks/gptstonks,gha_release-drafter.yml,Python,,1,3,0.9231,Reliability
takari/takari-lifecycle,gha_ci.yml,Java,,2,8,0.7949,"Reliability, Security"
nonebot/adapter-telegram,gha_codecov.yml,Python,,2,8,0.7949,"Reliability, Security"
jomjol/AI-on-the-edge-device,gha_build.yaml,C++,,4,12,0.6923,"Efficiency, Maintainability, Reliability, Versioning"
pseudonym117/Riot-Watcher,gha_cd.yml,Python,,4,14,0.641,"Efficiency, Reliability, Security, Versioning"
The-OAG-Development-Project/Application-Gateway,gha_dockerbuild.yml,Java,,5,19,0.5128,"Maintainability, Reliability, Security, Versioning"
bifromqio/bifromq,gha_github-packages-publish.yml,Java,,2,6,0.8462,"Reliability, Versioning"
langchain4j/langchain4j-embeddings,gha_add_new_pr_to_project.yaml,Java,,3,11,0.7179,"Reliability, Security, Versioning"
rapid7/insightconnect-plugins,gha_black.yml,Python,,3,11,0.7179,"Efficiency, Reliability, Security"
tylermorganwall/rayimage,gha_pkgdown.yaml,C++,,2,6,0.8462,"Reliability, Versioning"
AdnanHodzic/auto-cpufreq,gha_build-linux.yml,Python,,3,11,0.7179,"Reliability, Security, Versioning"
openmediavault/openmediavault-docs,gha_ci.yaml,Python,,4,14,0.641,"Efficiency, Reliability, Security, Versioning"
alpacahq/alpaca-py,gha_stale.yml,Python,,2,6,0.8462,"Reliability, Versioning"
zilliztech/GPTCache,gha_build_dev_python_package.yaml,Python,,4,16,0.5897,"Efficiency, Reliability, Security"
metagentools/MetaCoAG,gha_codeql.yml,Python,,2,6,0.8462,"Reliability, Versioning"
DoubleML/doubleml-for-py,gha_codeql.yml,Python,,2,6,0.8462,"Reliability, Versioning"
yoyowallet/django-idempotency-key,gha_codeql.yml,Python,,2,6,0.8462,"Reliability, Versioning"
drift-labs/driftpy,gha_docs.yml,Python,,4,14,0.641,"Efficiency, Reliability, Security, Versioning"
Flowminder/FlowKit,gha_codeql-analysis.yml,Python,,3,11,0.7179,"Reliability, Security, Versioning"
canonical/multipass,gha_automatic-doc-checks.yml,C++,,2,8,0.7949,"Reliability, Security"
thunder-engine/thunder,gha_main.yml,C++,,5,17,0.5641,"Efficiency, Maintainability, Reliability, Security, Versioning"
ArchipelagoMW/Archipelago,gha_analyze-modified-files.yml,Python,,5,18,0.5385,"Efficiency, Reliability, Security, Versioning"
aurilisdev/Electrodynamics,gha_build.yml,Java,,3,11,0.7179,"Reliability, Security, Versioning"
getsentry/sentry-unreal,gha_ci.yml,C++,,6,22,0.4359,"Efficiency, Maintainability, Reliability, Security, Versioning"
aws/aws-xray-sdk-java,gha_continuous-monitoring.yml,Java,,2,6,0.8462,"Reliability, Versioning"
senshinya/singbox_ruleset,gha_singbox_ruleset.yml,Python,,3,9,0.7692,"Efficiency, Reliability, Versioning"
Special-K-s-Flightsim-Bots/DCSServerBot,gha_pages.yml,Python,,2,6,0.8462,"Reliability, Versioning"
dromara/dante-cloud,gha_tag-release.yml,Java,,3,11,0.7179,"Reliability, Security, Versioning"
SakuraEngine/SakuraEngine,gha_ci-macos.yml,C++,,4,14,0.641,"Efficiency, Maintainability, Reliability, Security"
baidu/starlight,gha_codeql-analysis.yml,Java,,1,3,0.9231,Reliability
dartsim/dart,gha_api_doc.yml,C++,,4,14,0.641,"Efficiency, Reliability, Security, Versioning"
lanthora/candy,gha_check.yaml,C++,,3,11,0.7179,"Reliability, Security, Versioning"
reworks-org/galaxy,gha_doxygen-gh-pages.yml,C++,,3,11,0.7179,"Reliability, Security, Versioning"
gephi/gephi,gha_build.yml,Java,,3,11,0.7179,"Reliability, Security, Versioning"
TRI-ML/dgp,gha_build-docker.yml,Python,,1,3,0.9231,Reliability
Zippland/LifeSync-AI,gha_morning_email.yml,Python,,4,14,0.641,"Efficiency, Reliability, Security, Versioning"
zawsq/Teleshare,gha_heroku-deploy-merge.yml,Python,,3,11,0.7179,"Reliability, Security, Versioning"
kuzmoyev/google-calendar-simple-api,gha_code-cov.yml,Python,,5,19,0.5128,"Efficiency, Reliability, Security, Versioning"
JSv4/OpenContracts,gha_backend.yml,Python,,5,19,0.5128,"Maintainability, Reliability, Security, Versioning"
ZiLko/xdBot,gha_android copy.yml,C++,,4,16,0.5897,"Reliability, Security, Versioning"
daniel-shuy/kafka-protobuf-serde,gha_build.yml,Java,,6,23,0.4103,"Maintainability, Reliability, Security, Versioning"
mandiant/capa,gha_build.yml,Python,,4,12,0.6923,"Efficiency, Maintainability, Reliability, Versioning"
titipata/pubmed_parser,gha_test-and-build-docs.yml,Python,,4,14,0.641,"Efficiency, Reliability, Security, Versioning"
jing5460/AutoApi-E5,gha_Task.yml,Python,,5,19,0.5128,"Efficiency, Reliability, Security, Versioning"
keras-team/keras-hub,gha_actions.yml,Python,,3,9,0.7692,"Maintainability, Reliability, Versioning"
metatube-community/metatube-plex-plugins,gha_release.yml,Python,,3,11,0.7179,"Reliability, Security, Versioning"
bbfrederick/rapidtide,gha_codeql-analysis.yml,Python,,2,6,0.8462,"Reliability, Versioning"
pimoroni/inky,gha_build.yml,Python,,3,11,0.7179,"Reliability, Security, Versioning"
MeteorClientPlus/MeteorPlus,gha_dev_build.yml,Java,,3,11,0.7179,"Reliability, Security, Versioning"
garmin/fit-python-sdk,gha_publish.yml,Python,,4,16,0.5897,"Efficiency, Reliability, Security"
1andrevich/Re-filter-lists,gha_build.yml,Python,,5,17,0.5641,"Efficiency, Maintainability, Reliability, Security, Versioning"
wpilibsuite/PathWeaver,gha_bump.yml,Java,,3,11,0.7179,"Reliability, Security, Versioning"
miachm/SODS,gha_greetings.yml,Java,,3,11,0.7179,"Reliability, Security, Versioning"
pinterest/pinterest-python-sdk,gha_build.yml,Python,,4,14,0.641,"Efficiency, Reliability, Security, Versioning"
ros2/rosidl,gha_check-copied-type-description-sources.yaml,C++,,3,11,0.7179,"Reliability, Security, Versioning"
idealo/imagededup,gha_build_wheels.yml,Python,,3,11,0.7179,"Efficiency, Reliability, Security"
nuxeo/nuxeo,gha_bot-auto-merge.yml,Java,,2,6,0.8462,"Reliability, Versioning"
cda-tum/mqt-bench,gha_cd.yml,Python,,2,6,0.8462,"Reliability, Versioning"
klei1984/max,gha_build.yml,C++,,5,17,0.5641,"Efficiency, Maintainability, Reliability, Security, Versioning"
linuxdeepin/dtkcore,gha_backup-to-gitlab.yml,C++,,2,8,0.7949,"Reliability, Security"
3dgeo-heidelberg/py4dgeo,gha_ci.yml,Python,,5,17,0.5641,"Efficiency, Maintainability, Reliability, Security, Versioning"
google/nearby,gha_validate.yaml,C++,,3,11,0.7179,"Reliability, Security, Versioning"
ververica/frocksdb,gha_sanity_check.yml,C++,,4,14,0.641,"Efficiency, Reliability, Security, Versioning"
eth-cscs/DLA-Future,gha_check_format.yml,C++,,3,11,0.7179,"Efficiency, Reliability, Security"
cheminfo/openchemlib-js,gha_lactame.yml,Java,,3,11,0.7179,"Reliability, Security, Versioning"
pallets-eco/flask-security,gha_tests.yml,Python,,4,14,0.641,"Maintainability, Reliability, Security, Versioning"
WesternFriend/westernfriend.org,gha_coverage.yml,Python,,4,16,0.5897,"Reliability, Security, Versioning"
common-workflow-language/schema_salad,gha_ci-tests.yml,Python,,4,14,0.641,"Efficiency, Maintainability, Reliability, Security"
gorakhargosh/watchdog,gha_build-and-publish.yml,Python,,4,14,0.641,"Efficiency, Maintainability, Security, Versioning"
falcosecurity/falco,gha_ci.yml,C++,,2,6,0.8462,"Reliability, Versioning"
riscv/riscv-cheri,gha_build-pdf.yml,Python,,2,6,0.8462,"Reliability, Versioning"
abravalheri/ini2toml,gha_ci.yml,Python,,5,19,0.5128,"Maintainability, Reliability, Security, Versioning"
Agnes4m/nonebot_plugin_l4d2_server,gha_python-publish.yml,Python,,3,11,0.7179,"Reliability, Security, Versioning"
pnnl/HyperNetX,gha_cff.yml,Python,,3,11,0.7179,"Reliability, Security, Versioning"
IgrikXD/WSPR-beacon,gha_app-build.yml,C++,,4,14,0.641,"Efficiency, Reliability, Security, Versioning"
wildfly-security/wildfly-elytron,gha_pr-ci.yaml,Java,,2,8,0.7949,"Reliability, Security"
enioka-Haute-Couture/enioka_scan,gha_release.yaml,Java,,4,16,0.5897,"Reliability, Security, Versioning"
projectcaluma/caluma,gha_compatibility-tests.yml,Python,,3,11,0.7179,"Reliability, Security, Versioning"
synonymdev/react-native-ldk,gha_e2e-android.yml,C++,,4,16,0.5897,"Maintainability, Security, Versioning"
censusdis/censusdis,gha_coverage-report.yml,Python,,3,11,0.7179,"Reliability, Security, Versioning"
soot-oss/SootUp,gha_deploy.yml,Java,,3,11,0.7179,"Reliability, Security, Versioning"
optuna/optuna-examples,gha_aim.yml,Python,,4,14,0.641,"Efficiency, Reliability, Security, Versioning"
spring-projects/spring-data-commons,gha_project.yml,Java,,3,11,0.7179,"Reliability, Security, Versioning"
NVIDIA/cutlass,gha_labeler.yml,C++,,4,16,0.5897,"Reliability, Security, Versioning"
mastodon-sc/mastodon,gha_build-main.yml,Java,,3,11,0.7179,"Reliability, Security, Versioning"
google/flutter-desktop-embedding,gha_lock.yaml,C++,,3,11,0.7179,"Reliability, Security, Versioning"
madminer-tool/madminer,gha_ci.yml,Python,,4,14,0.641,"Efficiency, Reliability, Security, Versioning"
sublimelsp/LSP-gopls,gha_gopls_update_check.yaml,Python,,3,11,0.7179,"Reliability, Security, Versioning"
open-discourse/open-discourse,gha_codeql-analysis.yml,Python,,3,11,0.7179,"Reliability, Security, Versioning"
mlverse/torch,gha_lantern.yaml,C++,,2,6,0.8462,"Efficiency, Reliability"
scaarup/aula,gha_hacs-validate.yml,Python,,4,16,0.5897,"Reliability, Security, Versioning"
jborean93/pyspnego,gha_ci.yml,Python,,3,9,0.7692,"Efficiency, Reliability, Versioning"
google/fuzztest,gha_bazel_test.yml,C++,,2,8,0.7949,"Efficiency, Security"
chaoss/grimoirelab-sortinghat,gha_changelog.yml,Python,,4,16,0.5897,"Reliability, Security, Versioning"
deel-ai/deel-lip,gha_python-linters.yml,Python,,4,14,0.641,"Efficiency, Reliability, Security, Versioning"
fooyin/fooyin,gha_build.yml,C++,,5,17,0.5641,"Efficiency, Maintainability, Reliability, Security, Versioning"
twisted/klein,gha_cicd.yml,Python,,4,14,0.641,"Efficiency, Maintainability, Security, Versioning"
timkpaine/jupyterlab_email,gha_build.yml,Python,,1,3,0.9231,Reliability
NREL/sup3r,gha_codecov.yml,Python,,3,11,0.7179,"Efficiency, Reliability, Security"
aws/aws-iot-device-sdk-python,gha_ci.yml,Python,,3,9,0.7692,"Efficiency, Reliability, Versioning"
samolego/Taterzens,gha_fabric-build.yml,Java,,3,11,0.7179,"Reliability, Security, Versioning"
Genio-The-Haiku-IDE/Genio,gha_build.yml,C++,,1,5,0.8718,Security
